{
  "decision_tree": {
    "macro_f1": 0.7780362528792311,
    "balanced_accuracy": 0.7783473020949415,
    "per_class": {
      "low": {
        "precision": 0.8227843594256564,
        "recall": 0.8165770779048168,
        "f1": 0.8196689670334727,
        "support": 3141205.0
      },
      "medium": {
        "precision": 0.6910227441586677,
        "recall": 0.6878969508587217,
        "f1": 0.6894563046686768,
        "support": 3150264.0
      },
      "high": {
        "precision": 0.8194736890272448,
        "recall": 0.8305678775212859,
        "f1": 0.8249834869355438,
        "support": 2803034.0
      }
    },
    "train_time_s": 2437.74,
    "predict_time_s": 1.71,
    "params": {},
    "confusion_matrix": [
      [
        2565036,
        531236,
        44933
      ],
      [
        515268,
        2167057,
        467939
      ],
      [
        37203,
        437721,
        2328110
      ]
    ]
  },
  "random_forest": {
    "macro_f1": 0.8437494309968278,
    "balanced_accuracy": 0.8426703821325446,
    "per_class": {
      "low": {
        "precision": 0.8824809972082178,
        "recall": 0.8636068005749385,
        "f1": 0.8729418893308322,
        "support": 3141205.0
      },
      "medium": {
        "precision": 0.7645247159398729,
        "recall": 0.7973620623541392,
        "f1": 0.7805982004513478,
        "support": 3150264.0
      },
      "high": {
        "precision": 0.888639804834457,
        "recall": 0.8670422834685558,
        "f1": 0.8777082032083031,
        "support": 2803034.0
      }
    },
    "train_time_s": 2043.75,
    "predict_time_s": 11.44,
    "params": {},
    "confusion_matrix": [
      [
        2712766,
        411486,
        16953
      ],
      [
        350756,
        2511901,
        287607
      ],
      [
        10500,
        362185,
        2430349
      ]
    ]
  },
  "xgboost": {
    "macro_f1": 0.8417298244968331,
    "balanced_accuracy": 0.8405717593943431,
    "per_class": {
      "low": {
        "precision": 0.8823490895495366,
        "recall": 0.857987619400835,
        "f1": 0.8699978468875581,
        "support": 3141205.0
      },
      "medium": {
        "precision": 0.7603209085850705,
        "recall": 0.7972433421452932,
        "f1": 0.7783444978004218,
        "support": 3150264.0
      },
      "high": {
        "precision": 0.887460811610725,
        "recall": 0.8664843166369013,
        "f1": 0.8768471288025194,
        "support": 2803034.0
      }
    },
    "train_time_s": 1439.38,
    "predict_time_s": 15.25,
    "params": {},
    "confusion_matrix": [
      [
        2695115,
        429227,
        16863
      ],
      [
        347605,
        2511527,
        291132
      ],
      [
        11757,
        362492,
        2428785
      ]
    ]
  }
}