{
  "decision_tree": {
    "macro_f1": 0.7550712953576516,
    "balanced_accuracy": 0.7559787275941227,
    "per_class": {
      "low": {
        "precision": 0.7584055360258376,
        "recall": 0.7726457950312,
        "f1": 0.7654594414338636,
        "support": 4913782.0
      },
      "medium": {
        "precision": 0.6537999698083327,
        "recall": 0.6694911620258281,
        "f1": 0.6615525351745313,
        "support": 6669628.0
      },
      "high": {
        "precision": 0.8509828258516827,
        "recall": 0.82579922572534,
        "f1": 0.8382019094645601,
        "support": 8526690.0
      }
    },
    "train_time_s": 1593.52,
    "predict_time_s": 6.05,
    "params": {},
    "confusion_matrix": [
      [
        3796613,
        1001786,
        115383
      ],
      [
        1086733,
        4465257,
        1117638
      ],
      [
        122700,
        1362656,
        7041334
      ]
    ]
  },
  "random_forest": {
    "macro_f1": 0.8287193918023408,
    "balanced_accuracy": 0.8279696008002446,
    "per_class": {
      "low": {
        "precision": 0.8496775832901953,
        "recall": 0.8227355222514959,
        "f1": 0.8359895386101075,
        "support": 4913782.0
      },
      "medium": {
        "precision": 0.7321941776538651,
        "recall": 0.7947950020600849,
        "f1": 0.7622113904511113,
        "support": 6669628.0
      },
      "high": {
        "precision": 0.9106386110310539,
        "recall": 0.866378278089153,
        "f1": 0.8879572463458035,
        "support": 8526690.0
      }
    },
    "train_time_s": 1223.29,
    "predict_time_s": 24.08,
    "params": {},
    "confusion_matrix": [
      [
        4042743,
        833508,
        37531
      ],
      [
        681249,
        5300987,
        687392
      ],
      [
        33981,
        1105370,
        7387339
      ]
    ]
  },
  "xgboost": {
    "macro_f1": 0.8246703835124395,
    "balanced_accuracy": 0.824167836467458,
    "per_class": {
      "low": {
        "precision": 0.8423366573887963,
        "recall": 0.8232546743017903,
        "f1": 0.8326863586966534,
        "support": 4913782.0
      },
      "medium": {
        "precision": 0.7320198581516459,
        "recall": 0.7815272455975056,
        "f1": 0.7559638706279059,
        "support": 6669628.0
      },
      "high": {
        "precision": 0.9037322903701387,
        "recall": 0.867721589503078,
        "f1": 0.8853609212127594,
        "support": 8526690.0
      }
    },
    "train_time_s": 863.4,
    "predict_time_s": 39.03,
    "params": {},
    "confusion_matrix": [
      [
        4045294,
        816184,
        52304
      ],
      [
        721299,
        5212496,
        735833
      ],
      [
        35874,
        1092023,
        7398793
      ]
    ]
  }
}