{
  "model": "ARIMA(8, 1, 3)",
  "order": [
    8,
    1,
    3
  ],
  "aic": 45672.67934455376,
  "fit_time_s": 55.58,
  "macro_f1": 0.17952926434254235,
  "balanced_accuracy": 0.33498176918199113,
  "confusion_matrix": [
    [
      7,
      793,
      0
    ],
    [
      6,
      1571,
      0
    ],
    [
      6,
      2084,
      0
    ]
  ],
  "per_class": {
    "low": {
      "precision": 0.3684210526315789,
      "recall": 0.00875,
      "f1": 0.017094017094017096,
      "support": 800.0
    },
    "medium": {
      "precision": 0.35319244604316546,
      "recall": 0.9961953075459734,
      "f1": 0.5214937759336099,
      "support": 1577.0
    },
    "high": {
      "precision": 0.0,
      "recall": 0.0,
      "f1": 0.0,
      "support": 2090.0
    }
  },
  "tercile_boundaries": {
    "q1": 11.084782608695653,
    "q2": 18.031439393939394
  },
  "train_hours": 6912,
  "test_hours": 4467
}