{
  "decision_tree": {
    "macro_f1": 0.5717372147974724,
    "balanced_accuracy": 0.5711938504861153,
    "confusion_matrix": [
      [
        1960062,
        929565,
        256680
      ],
      [
        841086,
        1458123,
        837275
      ],
      [
        213871,
        826894,
        1739935
      ]
    ],
    "per_class": {
      "low": {
        "precision": 0.650099385775015,
        "recall": 0.6229722655799322,
        "f1": 0.6362468079111542,
        "support": 3146307.0
      },
      "medium": {
        "precision": 0.45359645515342273,
        "recall": 0.4648909415766189,
        "f1": 0.4591742551565359,
        "support": 3136484.0
      },
      "high": {
        "precision": 0.6139740780340803,
        "recall": 0.6257183443017945,
        "f1": 0.6197905813247272,
        "support": 2780700.0
      }
    },
    "train_time_s": 2480.18,
    "predict_time_s": 2.8,
    "params": {
      "max_depth": null,
      "criterion": "gini"
    }
  }
}