{
  "decision_tree": {
    "macro_f1": 0.5717372147974724,
    "balanced_accuracy": 0.5711938504861153,
    "confusion_matrix": [
      [
        1960062,
        929565,
        256680
      ],
      [
        841086,
        1458123,
        837275
      ],
      [
        213871,
        826894,
        1739935
      ]
    ],
    "per_class": {
      "low": {
        "precision": 0.650099385775015,
        "recall": 0.6229722655799322,
        "f1": 0.6362468079111542,
        "support": 3146307.0
      },
      "medium": {
        "precision": 0.45359645515342273,
        "recall": 0.4648909415766189,
        "f1": 0.4591742551565359,
        "support": 3136484.0
      },
      "high": {
        "precision": 0.6139740780340803,
        "recall": 0.6257183443017945,
        "f1": 0.6197905813247272,
        "support": 2780700.0
      }
    },
    "train_time_s": 2273.62,
    "predict_time_s": 3.35,
    "params": {
      "max_depth": null,
      "criterion": "gini"
    }
  },
  "random_forest": {
    "macro_f1": 0.6613300399916104,
    "balanced_accuracy": 0.6614698505637485,
    "confusion_matrix": [
      [
        2232797,
        777043,
        136467
      ],
      [
        684165,
        1714371,
        737948
      ],
      [
        73937,
        681960,
        2024803
      ]
    ],
    "per_class": {
      "low": {
        "precision": 0.7465303910295867,
        "recall": 0.7096564321282062,
        "f1": 0.7276265453693423,
        "support": 3146307.0
      },
      "medium": {
        "precision": 0.5402360389919373,
        "recall": 0.5465900670942367,
        "f1": 0.5433944789248824,
        "support": 3136484.0
      },
      "high": {
        "precision": 0.6983962571976305,
        "recall": 0.7281630524688029,
        "f1": 0.7129690956806066,
        "support": 2780700.0
      }
    },
    "train_time_s": 7247.44,
    "predict_time_s": 73.25,
    "params": {
      "n_estimators": 300,
      "max_depth": null,
      "n_jobs": -1
    }
  }
}