{
  "decision_tree": {
    "macro_f1": 0.5253388431549589,
    "balanced_accuracy": 0.5353629225080984,
    "confusion_matrix": [
      [
        3177808,
        1328505,
        445806
      ],
      [
        2278317,
        2928386,
        1459524
      ],
      [
        1051619,
        2989461,
        4468162
      ]
    ],
    "per_class": {
      "low": {
        "precision": 0.4883117713296651,
        "recall": 0.6417067118136701,
        "f1": 0.5545979040063568,
        "support": 4952119.0
      },
      "medium": {
        "precision": 0.4041186517022634,
        "recall": 0.43928687096914043,
        "f1": 0.4209695413050305,
        "support": 6666227.0
      },
      "high": {
        "precision": 0.7010539904968893,
        "recall": 0.5250951847414846,
        "f1": 0.6004490841534895,
        "support": 8509242.0
      }
    },
    "train_time_s": 1722.16,
    "predict_time_s": 9.09,
    "params": {
      "max_depth": null,
      "criterion": "gini"
    }
  },
  "random_forest": {
    "macro_f1": 0.6066283920351201,
    "balanced_accuracy": 0.6185302901206297,
    "confusion_matrix": [
      [
        3699378,
        1022808,
        229933
      ],
      [
        2136044,
        3321753,
        1208430
      ],
      [
        589432,
        2726911,
        5192899
      ]
    ],
    "per_class": {
      "low": {
        "precision": 0.5757917611824331,
        "recall": 0.7470293020018299,
        "f1": 0.6503272882866119,
        "support": 4952119.0
      },
      "medium": {
        "precision": 0.4697399636171931,
        "recall": 0.49829581260884154,
        "f1": 0.4835967071341423,
        "support": 6666227.0
      },
      "high": {
        "precision": 0.7830936253159655,
        "recall": 0.6102657557512173,
        "f1": 0.685961180684606,
        "support": 8509242.0
      }
    },
    "train_time_s": 3973.48,
    "predict_time_s": 97.87,
    "params": {
      "n_estimators": 300,
      "max_depth": null,
      "n_jobs": -1
    }
  },
  "xgboost": {
    "macro_f1": 0.6012829152562524,
    "balanced_accuracy": 0.6191159902280794,
    "confusion_matrix": [
      [
        3805646,
        847468,
        299005
      ],
      [
        2396113,
        2773716,
        1496398
      ],
      [
        752562,
        2031877,
        5724803
      ]
    ],
    "per_class": {
      "low": {
        "precision": 0.5472347336282004,
        "recall": 0.7684883986026991,
        "f1": 0.6392584181333799,
        "support": 4952119.0
      },
      "medium": {
        "precision": 0.49065736244487723,
        "recall": 0.41608484079525043,
        "f1": 0.4503045955253258,
        "support": 6666227.0
      },
      "high": {
        "precision": 0.7612561411216661,
        "recall": 0.6727747312862885,
        "f1": 0.7142857321100514,
        "support": 8509242.0
      }
    },
    "train_time_s": 736.28,
    "predict_time_s": 49.02,
    "params": {
      "n_estimators": 500,
      "max_depth": 6,
      "learning_rate": 0.05,
      "subsample": 0.8,
      "colsample_bytree": 0.8,
      "tree_method": "hist"
    }
  }
}