{
  "decision_tree": {
    "macro_f1": 0.5713438391544522,
    "balanced_accuracy": 0.5709054553799036,
    "confusion_matrix": [
      [
        1961756,
        923131,
        261420
      ],
      [
        846023,
        1454429,
        836032
      ],
      [
        214785,
        826608,
        1739307
      ]
    ],
    "per_class": {
      "low": {
        "precision": 0.6490370427226686,
        "recall": 0.6235106745781642,
        "f1": 0.6360178385963979,
        "support": 3146307.0
      },
      "medium": {
        "precision": 0.453917834520537,
        "recall": 0.46371318967353253,
        "f1": 0.4587632312891482,
        "support": 3136484.0
      },
      "high": {
        "precision": 0.6131317464754672,
        "recall": 0.6254925018880139,
        "f1": 0.6192504475778106,
        "support": 2780700.0
      }
    },
    "train_time_s": 2189.39,
    "predict_time_s": 3.47,
    "params": {
      "max_depth": null,
      "criterion": "gini"
    }
  },
  "random_forest": {
    "macro_f1": 0.6614748463243606,
    "balanced_accuracy": 0.6616232379485432,
    "confusion_matrix": [
      [
        2235104,
        774486,
        136717
      ],
      [
        684510,
        1714330,
        737644
      ],
      [
        73759,
        682861,
        2024080
      ]
    ],
    "per_class": {
      "low": {
        "precision": 0.7466840918255092,
        "recall": 0.710389672717888,
        "f1": 0.7280848513277565,
        "support": 3146307.0
      },
      "medium": {
        "precision": 0.540512164384961,
        "recall": 0.5465769951321289,
        "f1": 0.543527662023845,
        "support": 3136484.0
      },
      "high": {
        "precision": 0.6983340354349113,
        "recall": 0.7279030459956126,
        "f1": 0.7128120256214804,
        "support": 2780700.0
      }
    },
    "train_time_s": 6279.19,
    "predict_time_s": 57.97,
    "params": {
      "n_estimators": 300,
      "max_depth": null,
      "n_jobs": -1
    }
  },
  "xgboost": {
    "macro_f1": 0.6590025909329013,
    "balanced_accuracy": 0.658627511727924,
    "confusion_matrix": [
      [
        2212036,
        789550,
        144721
      ],
      [
        669798,
        1734599,
        732087
      ],
      [
        84255,
        694938,
        2001507
      ]
    ],
    "per_class": {
      "low": {
        "precision": 0.7457753290612655,
        "recall": 0.7030579024869474,
        "f1": 0.7237868750650318,
        "support": 3146307.0
      },
      "medium": {
        "precision": 0.5388481268135965,
        "recall": 0.5530393268385874,
        "f1": 0.5458515057105019,
        "support": 3136484.0
      },
      "high": {
        "precision": 0.6953745507354129,
        "recall": 0.7197853058582372,
        "f1": 0.7073693920231701,
        "support": 2780700.0
      }
    },
    "train_time_s": 1161.89,
    "predict_time_s": 22.46,
    "params": {
      "n_estimators": 500,
      "max_depth": 6,
      "learning_rate": 0.05,
      "subsample": 0.8,
      "colsample_bytree": 0.8,
      "tree_method": "hist"
    }
  }
}