{
  "decision_tree": {
    "macro_f1": 0.7398103835619323,
    "balanced_accuracy": 0.7400059254803139,
    "per_class": {
      "low": {
        "precision": 0.7425213549719041,
        "recall": 0.7461395316275732,
        "f1": 0.7443260463271206,
        "support": 4913782.0
      },
      "medium": {
        "precision": 0.6359374585673353,
        "recall": 0.6544272034362336,
        "f1": 0.6450498604392436,
        "support": 6669628.0
      },
      "high": {
        "precision": 0.8409374944336313,
        "recall": 0.8194510413771346,
        "f1": 0.8300552439194328,
        "support": 8526690.0
      }
    },
    "train_time_s": 2431.54,
    "confusion_matrix": [
      [
        3666367,
        1109124,
        138291
      ],
      [
        1121510,
        4364786,
        1183332
      ],
      [
        149849,
        1389636,
        6987205
      ]
    ]
  },
  "random_forest": {
    "macro_f1": 0.8241353191836388,
    "balanced_accuracy": 0.822475104795178,
    "per_class": {
      "low": {
        "precision": 0.8550935929923703,
        "recall": 0.8095112888605965,
        "f1": 0.8316783449405193,
        "support": 4913782.0
      },
      "medium": {
        "precision": 0.7210766102495145,
        "recall": 0.7987105127902185,
        "f1": 0.7579107105230622,
        "support": 6669628.0
      },
      "high": {
        "precision": 0.9077648983030896,
        "recall": 0.8592035127347188,
        "f1": 0.882816902087335,
        "support": 8526690.0
      }
    },
    "train_time_s": 1255.07,
    "confusion_matrix": [
      [
        3977762,
        893344,
        42676
      ],
      [
        640814,
        5327102,
        701712
      ],
      [
        33268,
        1167260,
        7326162
      ]
    ]
  },
  "xgboost": {
    "macro_f1": 0.8253529185812924,
    "balanced_accuracy": 0.8244855043935667,
    "per_class": {
      "low": {
        "precision": 0.8463739881599613,
        "recall": 0.8211866134883476,
        "f1": 0.833590081697419,
        "support": 4913782.0
      },
      "medium": {
        "precision": 0.7323524350104486,
        "recall": 0.7828727479253715,
        "f1": 0.7567703727515881,
        "support": 6669628.0
      },
      "high": {
        "precision": 0.9026224228569342,
        "recall": 0.8693971517669811,
        "f1": 0.8856983012948703,
        "support": 8526690.0
      }
    },
    "train_time_s": 1054.93,
    "confusion_matrix": [
      [
        4035132,
        829059,
        49591
      ],
      [
        698004,
        5221470,
        750154
      ],
      [
        34416,
        1079194,
        7413080
      ]
    ]
  }
}